,customer_id,name,address,phone,email
0,0,Jennifer Martinez,"845 Kimberly Inlet
Port Amybury, FL 08538",918-259-7282,Jennifer.Martinez@gmail.com
1,1,Jeffrey Davis,"7316 Burgess Causeway
East Danielle, AK 09574",499-242-0070x755,Jeffrey.Davis@gmail.com
2,2,Julie Sanchez,"533 Justin Pines Apt. 343
Allenton, UT 93033",001-258-840-1879x6285,Julie.Sanchez@gmail.com
3,3,Brandi Wilson,"722 Lopez Square Suite 406
Castilloton, UT 77872",(423)848-4976x5642,Brandi.Wilson@gmail.com
4,4,Annette Rivera,"645 Anderson Ways Apt. 698
Lake Emilyland, SC 82397",001-562-769-1365x42369,Annette.Rivera@gmail.com
5,5,Kelly Mcclain,"4578 Adrian Isle Suite 301
North Cynthia, OR 45391",+1-734-354-4116x4630,Kelly.Mcclain@gmail.com
6,6,Erik Ramirez,"046 Willis Fort Suite 691
Lake Manuelside, RI 66088",965.934.9171x53277,Erik.Ramirez@gmail.com
7,7,Kelli Love,"0253 Jones Brooks
South Jackie, NM 22155",+1-266-304-7400x279,Kelli.Love@gmail.com
8,8,Julie Mason,"PSC 5934, Box 1150
APO AP 31005",927-351-6352x7594,Julie.Mason@gmail.com
9,9,Tanner Anderson,"USNV Anderson
FPO AE 42265",540.230.3128x1029,Tanner.Anderson@gmail.com
10,10,Aaron Gomez,"3773 Osborne Mission Apt. 882
Kellyshire, MA 58664",(717)801-3173,Aaron.Gomez@gmail.com
11,11,Patrick Cross,"7269 Miller Cove Apt. 964
Lake Samanthamouth, IN 40249",(744)428-7568,Patrick.Cross@gmail.com
12,12,Albert Torres DVM,"USNV Stark
FPO AA 77837",2495428404,Albert.Torres.DVM@gmail.com
13,13,Yolanda Singleton,"9796 Ann Rapids Apt. 685
Kevintown, OR 10448",(522)575-0806x373,Yolanda.Singleton@gmail.com
14,14,Mary Bowman,"PSC 9462, Box 7800
APO AA 98765",976-661-2862x00608,Mary.Bowman@gmail.com
15,15,Danielle Johnson,"30946 Jonathan Locks Apt. 506
Wadeborough, AS 43408",230-318-6461x662,Danielle.Johnson@gmail.com
16,16,Ryan Graves,"52259 Hawkins Lodge Suite 431
Sandovalland, VT 85628",377-995-6471x76449,Ryan.Graves@gmail.com
17,17,Laura Patton,"6078 Stewart Squares Apt. 729
West Joshua, ID 76207",001-651-423-6698x289,Laura.Patton@gmail.com
18,18,Pamela Rodgers,"7262 Williams Station
North Stevenchester, GA 30047",250-670-3341,Pamela.Rodgers@gmail.com
19,19,John Lewis,"77076 Freeman Islands Apt. 449
North Tiffany, FM 78618",+1-998-813-9114x39106,John.Lewis@gmail.com
20,20,Thomas Reeves,"479 Samantha Track
Martinland, NY 89637",913.498.9008,Thomas.Reeves@gmail.com
21,21,Jeremy Brown,"084 Williams Island Suite 132
East Richardport, FM 38600",5313870666,Jeremy.Brown@gmail.com
22,22,Colton Young,"Unit 1481 Box 9013
DPO AE 74299",411-272-0813x981,Colton.Young@gmail.com
23,23,James Fox,"493 Mark Loaf
South Laura, ND 51763",7215221788,James.Fox@gmail.com
24,24,Heather Russell,"0536 Emily Ranch
New Stephenbury, SC 05946",+1-670-990-7662x194,Heather.Russell@gmail.com
25,25,Gregory Boyer,"96225 Fred Cliff Apt. 940
Lake Michael, NJ 97439",+1-619-868-2607,Gregory.Boyer@gmail.com
26,26,Morgan Russell,"1968 Marc Coves Suite 601
Port Cynthia, RI 21553",996.223.7901x1734,Morgan.Russell@gmail.com
27,27,James Brown,"15758 Rios Mountains
East Kenneth, AS 95487",(875)705-6244,James.Brown@gmail.com
28,28,Tami Greer,"Unit 7261 Box 7932
DPO AP 92580",739-234-5132x8481,Tami.Greer@gmail.com
29,29,Pamela Scott,"PSC 6411, Box 9213
APO AA 58247",4097124184,Pamela.Scott@gmail.com
30,30,Jason Guerra,"4074 Christina Centers
West Allisonside, MT 50112",676.288.8706,Jason.Guerra@gmail.com
31,31,Terry Short,"Unit 3128 Box 1650
DPO AE 96682",001-911-259-0283,Terry.Short@gmail.com
32,32,Thomas Douglas,"8306 Sean Summit Suite 677
Lyonsbury, MN 54549",001-862-235-6335x24670,Thomas.Douglas@gmail.com
33,33,Andrew Johnson,"7713 Rubio Lodge
East Brian, WA 36913",001-981-283-3899x92394,Andrew.Johnson@gmail.com
34,34,Jonathan Higgins,"448 Bailey Trail
Brownfurt, MI 00991",(887)958-0606x08425,Jonathan.Higgins@gmail.com
35,35,Chelsea Garcia,"09099 Johnson Junction
Mistyhaven, TN 17260",654-222-5576x74187,Chelsea.Garcia@gmail.com
36,36,Nathan Gross,"3884 Ryan Crescent Suite 206
Carterfurt, ND 89488",+1-926-657-9545x35686,Nathan.Gross@gmail.com
37,37,Joshua Miller,"591 Holly Ford Suite 652
Boydstad, ND 69861",500-934-0266x525,Joshua.Miller@gmail.com
38,38,Ricky Williams,"311 Ellis Forest
North Tiffany, MS 20896",255-640-8199,Ricky.Williams@gmail.com
39,39,Keith Mckinney,"08507 Leslie Course Apt. 903
Lisahaven, GU 63844",001-797-840-0911,Keith.Mckinney@gmail.com
40,40,Katherine Gutierrez,"187 William Green
North Kimberly, KS 96649",545-302-8040x56601,Katherine.Gutierrez@gmail.com
41,41,Terri Collier,"1952 Walker Station
Port Kevinmouth, SC 25836",623-407-0776,Terri.Collier@gmail.com
42,42,Jacob Brennan,"0447 Rodriguez Ford
New Cynthiamouth, KY 30440",658.558.0867x63995,Jacob.Brennan@gmail.com
43,43,Kenneth Brown,"PSC 5408, Box 0988
APO AA 41191",332-518-4626x9048,Kenneth.Brown@gmail.com
44,44,Amy Graham,"7120 Stephen Knoll Suite 596
Williamhaven, MN 17227",(976)214-8071x00790,Amy.Graham@gmail.com
45,45,Pamela Ramos,"2829 Justin Field Suite 264
West Ronnie, CT 34756",737-820-3071,Pamela.Ramos@gmail.com
46,46,Sandra Roberts,"57775 Erica Brook
North Rayfurt, NJ 66337",818.474.8223x14881,Sandra.Roberts@gmail.com
47,47,Christopher Mitchell DVM,"169 Brown Square
East Gloriaberg, FM 89360",001-340-884-4528x21507,Christopher.Mitchell.DVM@gmail.com
48,48,Maria Chapman,"USNS Newton
FPO AP 40750",+1-649-387-1413x4028,Maria.Chapman@gmail.com
49,49,Jeffrey Johnson,"027 Natasha Camp
Abigailchester, FM 06856",(312)606-0891x85399,Jeffrey.Johnson@gmail.com
50,50,Kim Nelson,"79432 Rich Lakes
South Melissabury, LA 79221",512.692.5712x522,Kim.Nelson@gmail.com
51,51,Tara Walker,"61712 Caldwell Park Suite 331
Wilkinsontown, VA 88853",+1-988-737-3489x9736,Tara.Walker@gmail.com
52,52,Alan Bowman,"3227 Cooper Village Apt. 392
New Charles, MD 51452",581.835.9920,Alan.Bowman@gmail.com
53,53,Jacob Tate,"12586 Chad Passage Suite 728
Priceborough, CO 80444",4034154550,Jacob.Tate@gmail.com
54,54,Christina Malone,"4049 Sydney Ramp
North Pamelaberg, WA 47748",+1-777-638-9647x53088,Christina.Malone@gmail.com
55,55,Marie Garcia,"4397 Ashley Village
East Jennifer, VT 51108",001-435-470-1435x90985,Marie.Garcia@gmail.com
56,56,James Cross,"43366 Williams Mill Apt. 077
New Kyleville, DE 13181",287-830-3111x480,James.Cross@gmail.com
57,57,Mariah Dean,"425 Lynn Throughway Apt. 935
South Danielleview, AR 22734",6696843867,Mariah.Dean@gmail.com
58,58,Lauren Leach,"41040 Lawrence Valley
Diazbury, KS 79841",001-278-826-7065x5860,Lauren.Leach@gmail.com
59,59,Shane Oliver,"88993 Jimmy Heights Suite 092
Ericside, AR 56701",413.292.9257x2657,Shane.Oliver@gmail.com
60,60,Michael King,"605 Hernandez Mission Suite 779
Ingramton, KY 76699",+1-922-276-1927,Michael.King@gmail.com
61,61,Dalton Atkins,"4824 Schaefer Camp
East Deborah, GU 36880",(413)519-7838x273,Dalton.Atkins@gmail.com
62,62,David Randolph,"9590 Parsons Avenue Suite 909
Jonathanstad, VT 46019",(831)575-3892x697,David.Randolph@gmail.com
63,63,Andrea Frost,"5837 Wolfe Ports Apt. 654
Port Mark, NH 62226",001-852-775-4752x28316,Andrea.Frost@gmail.com
64,64,Michael Hanna,"9200 Tonya Burgs Suite 109
Angelaberg, ND 16672",476.818.7730x837,Michael.Hanna@gmail.com
65,65,Carol Montgomery,"199 Justin Parks
Moralesfort, ME 10203",283-448-3212x7483,Carol.Montgomery@gmail.com
66,66,Jennifer Horne DDS,"35358 Julia Avenue Apt. 853
Smithstad, AL 91418",270.231.8271x622,Jennifer.Horne.DDS@gmail.com
67,67,Greg Cummings,"71026 Edward Plaza Suite 509
Serranoview, WA 47118",001-739-482-2766x758,Greg.Cummings@gmail.com
68,68,Gabriel Johnson,"367 Ruth Vista
Lake Cindy, VI 59699",398-975-3185,Gabriel.Johnson@gmail.com
69,69,Ryan Finley,"6543 Kaitlin Square Suite 173
East Amandabury, OR 86818",+1-630-224-0708,Ryan.Finley@gmail.com
70,70,Tanya Mcgee,"PSC 6255, Box 5854
APO AP 98984",644.942.1124,Tanya.Mcgee@gmail.com
71,71,Michelle Gonzalez,"501 Roberts Turnpike
Davischester, AK 83706",001-383-876-1167x2253,Michelle.Gonzalez@gmail.com
72,72,Blake Edwards,"3237 Harvey Spur
West Rachel, TX 50278",+1-552-593-1472x45817,Blake.Edwards@gmail.com
73,73,Jessica Nelson,"019 Holly Estates
Millerport, ND 12936",(303)928-3477x485,Jessica.Nelson@gmail.com
74,74,Breanna Young,"677 Joshua Turnpike Suite 975
Patriciabury, CA 41717",001-424-736-8416x992,Breanna.Young@gmail.com
75,75,Heather Johnson,"940 King Radial
Michaelborough, MA 33524",(931)807-4038,Heather.Johnson@gmail.com
76,76,Brian Jackson,"330 Linda Lodge Suite 432
South David, UT 56087",412-909-6507,Brian.Jackson@gmail.com
77,77,Claire Gray,"58013 Tami Keys Suite 757
Port Anthonyville, ND 51736",290.935.6333,Claire.Gray@gmail.com
78,78,Paul Smith,"254 Robert Fall
New Ann, SD 26294",+1-585-211-5242x50493,Paul.Smith@gmail.com
79,79,Nathan Andrews,"0985 Crosby Lodge
Davidfurt, WY 74813",393.236.9663,Nathan.Andrews@gmail.com
80,80,Michael Hoffman,"06927 Ritter Gateway Suite 949
West Tammymouth, DC 23813",777.292.6341x5483,Michael.Hoffman@gmail.com
81,81,Ralph Morris,"80885 Alvarado Locks Apt. 678
Cindyville, CA 39150",(992)876-0406,Ralph.Morris@gmail.com
82,82,William Bright,"77758 Kimberly Forge Suite 701
Chandlerfurt, OR 27229",(961)566-1339x2303,William.Bright@gmail.com
83,83,Ms. Lindsay Mills,"132 Novak Harbor Suite 271
Port Christine, AS 80190",001-492-793-1772x976,Ms..Lindsay.Mills@gmail.com
84,84,Brandi Graham,"86365 Corey Mount
New Michael, MI 06927",543.672.5717,Brandi.Graham@gmail.com
85,85,David Lowe,"59812 Marquez Streets Suite 588
West Daniel, SC 42280",+1-529-222-6502x9059,David.Lowe@gmail.com
86,86,Aaron Bird,"6467 Mclaughlin Roads
North Williamland, MN 80571",001-247-950-0553x37149,Aaron.Bird@gmail.com
87,87,Keith Drake,"782 Clark Estate Suite 657
Kimberlymouth, FL 16724",288-345-5737,Keith.Drake@gmail.com
88,88,Ian Smith,"USS Holland
FPO AE 54044",(957)885-9031x562,Ian.Smith@gmail.com
89,89,Richard Tucker,"3771 Kimberly Village
Bryanburgh, FM 98083",921-881-6281,Richard.Tucker@gmail.com
90,90,Lauren Henry,"916 Shannon Rue
Kimland, CT 58032",561.640.1452,Lauren.Henry@gmail.com
91,91,Lynn Murray,"0234 Murray Ramp Suite 974
Sandratown, NY 26314",297-351-4807x37140,Lynn.Murray@gmail.com
92,92,Tina Durham,"6145 Carter Junction
East Jennifer, LA 63713",+1-855-889-6253x431,Tina.Durham@gmail.com
93,93,Sarah Wells,"959 White Tunnel
Kevinbury, WY 91176",+1-526-994-9922,Sarah.Wells@gmail.com
94,94,Martin Rodriguez,"88115 Salazar Highway Suite 755
South Paul, ID 06971",001-348-921-7742x804,Martin.Rodriguez@gmail.com
95,95,Crystal Wall,"990 Jessica Islands
Johnsonton, SC 12410",815.711.0795,Crystal.Wall@gmail.com
96,96,David Torres,"2392 Matthew Fields
Port Kristenshire, UT 45971",350-295-4161x6469,David.Torres@gmail.com
97,97,Kelly Lewis,"USCGC Davis
FPO AE 82426",(539)807-5568,Kelly.Lewis@gmail.com
98,98,William Simon,"20175 Alexa Lights
New Evan, CT 41705",617-853-4649,William.Simon@gmail.com
99,99,Jerry Mooney,"718 Andrea Viaduct Suite 087
Simsmouth, AS 20054",525-948-6073,Jerry.Mooney@gmail.com
